[{"id": "e7a5ed0d-0397-42aa-8c17-9456683de61c", "filename": "test_file.txt", "type": "txt", "time": "2025-04-22 15:02", "path": "/Users/rookiez/PycharmProjectsd/chatVivo/DocAnalyzer/backend/uploads/e7a5ed0d-0397-42aa-8c17-9456683de61c_test_file.txt"}, {"id": "9930019c-6032-4ced-b3a6-bfa5ca3d2d7d", "filename": "test_file.txt", "type": "txt", "time": "2025-04-22 15:08", "path": "/Users/rookiez/PycharmProjectsd/chatVivo/DocAnalyzer/backend/uploads/9930019c-6032-4ced-b3a6-bfa5ca3d2d7d_test_file.txt"}, {"id": "cb3ee06a-177f-4d80-b950-77ef05271f3b", "filename": "test_file.txt", "type": "txt", "time": "2025-04-22 15:18", "path": "/Users/rookiez/PycharmProjectsd/chatVivo/DocAnalyzer/backend/uploads/cb3ee06a-177f-4d80-b950-77ef05271f3b_test_file.txt"}, {"id": "e84cd3cd-001c-4fb6-a8e3-70ef86134cd7", "filename": "githubToken.txt", "type": "txt", "time": "2025-04-22 15:24", "path": "/Users/rookiez/PycharmProjectsd/chatVivo/DocAnalyzer/backend/uploads/e84cd3cd-001c-4fb6-a8e3-70ef86134cd7_githubToken.txt"}, {"id": "3eb4b02f-c255-47ab-8f45-173bc6cbb89f", "filename": "fullnotes-74-96.pdf", "type": "pdf", "time": "2025-04-22 15:26", "path": "/Users/rookiez/PycharmProjectsd/chatVivo/DocAnalyzer/backend/uploads/3eb4b02f-c255-47ab-8f45-173bc6cbb89f_fullnotes-74-96.pdf"}, {"id": "757a4837-dc36-4064-8aaf-686de6b6e1a1", "filename": "githubToken.txt", "type": "txt", "time": "2025-04-22 15:30", "path": "/Users/rookiez/PycharmProjectsd/chatVivo/DocAnalyzer/backend/uploads/757a4837-dc36-4064-8aaf-686de6b6e1a1_githubToken.txt"}, {"id": "d1c455f9-6b75-43f5-a0d8-a00b4da58f30", "filename": "githubToken.txt", "type": "txt", "time": "2025-04-22 15:38", "path": "/Users/rookiez/PycharmProjectsd/chatVivo/DocAnalyzer/backend/uploads/d1c455f9-6b75-43f5-a0d8-a00b4da58f30_githubToken.txt"}, {"id": "0b8d6e4f-cbd4-4ce9-bbcb-eeaadeaf08ee", "filename": "githubToken.txt", "type": "txt", "time": "2025-04-22 20:01", "path": "/Users/rookiez/PycharmProjectsd/chatVivo/DocAnalyzer/backend/uploads/0b8d6e4f-cbd4-4ce9-bbcb-eeaadeaf08ee_githubToken.txt"}]